{
  "name": "Greendao",
  "desc": "",
  "methods": [
    {
      "name": "pay",
      "args": [
        {
          "name": "boxMBRPayment",
          "type": "pay",
          "desc": ""
        }
      ],
      "desc": "",
      "returns": {
        "type": "void",
        "desc": ""
      }
    },
    {
      "name": "addDonation",
      "args": [
        {
          "name": "_donation_id",
          "type": "byte[]",
          "desc": ""
        },
        {
          "name": "_ideas_id",
          "type": "uint64",
          "desc": ""
        },
        {
          "name": "_doantion",
          "type": "uint64",
          "desc": ""
        },
        {
          "name": "_donator",
          "type": "string",
          "desc": ""
        }
      ],
      "desc": "",
      "returns": {
        "type": "void",
        "desc": ""
      }
    },
    {
      "name": "createApplication",
      "desc": "",
      "returns": {
        "type": "void",
        "desc": ""
      },
      "args": []
    }
  ]
}